operator_name,total_versions,latest_version,openshift_versions,last_update,has_ci_yaml,has_makefile,error
abinitio-runtime-operator,4,v4.3.3-1,"v4.10,v4.11,v4.12,v4.13,v4.14,v4.15,v4.16,v4.17,v4.18,v4.19,v4.20,v4.8,v4.9",2025-03-05T17:24:35,True,False,
acc-operator,21,24.2.2,"v4.10,v4.11,v4.12,v4.13,v4.14,v4.6,v4.7,v4.8,v4.9",2024-05-30T00:18:07,True,False,
accuknox-operator-certified,3,0.7.1,"v4.10,v4.11,v4.12,v4.13,v4.14,v4.15,v4.16,v4.17,v4.18,v4.19,v4.20,v4.9",2024-08-29T18:35:38,True,False,
aci-containers-operator,11,v1.0.10,"v4.10,v4.11,v4.12,v4.13,v4.14,v4.15,v4.16,v4.17,v4.18,v4.19,v4.20,v4.6,v4.7,v4.8,v4.9",2025-04-11T03:43:40,True,False,
ads-operator,4,v22.6.0-4,"v4.10,v4.11,v4.12,v4.13,v4.14,v4.15,v4.16,v4.17,v4.18,v4.19,v4.20,v4.7,v4.8,v4.9",2022-06-16T19:11:31,True,False,
aerospike-kubernetes-operator,0,,,2021-09-28T16:10:20,True,False,
aic-operator,3,v0.2.0,"v4.12,v4.13,v4.14,v4.15,v4.16,v4.17,v4.18",2025-05-21T21:56:30,True,False,
aikit-operator,6,2024.1.0,"v4.10,v4.11,v4.12,v4.13,v4.14,v4.15,v4.7,v4.8,v4.9",2024-05-21T12:57:56,True,False,
airlock-microgateway,7,4.6.1,"v4.14,v4.15,v4.16,v4.17,v4.18,v4.19,v4.20",2025-06-13T21:08:25,True,False,
aiu-operator,6,v2.4.1,"v4.12,v4.13,v4.14,v4.15,v4.16,v4.17,v4.18,v4.19,v4.20",2025-06-02T10:33:15,True,False,
akka-cluster-operator-certified,0,,,2021-09-28T16:10:20,True,False,
ako-operator,13,1.12.3,"v4.10,v4.11,v4.12,v4.13,v4.14,v4.15,v4.16,v4.17,v4.18,v4.19,v4.20,v4.6,v4.7,v4.8,v4.9",2025-05-30T18:09:55,True,True,
alcide-kaudit-operator,0,,,2021-09-28T16:10:20,True,False,
alloy,4,1.0.4,"v4.10,v4.11,v4.12,v4.13,v4.14,v4.15,v4.16,v4.17,v4.18,v4.19,v4.20,v4.9",2023-06-19T12:13:30,True,False,
amcop-operator,1,1.0.0,"v4.6,v4.7,v4.8",2021-11-30T07:09:15,True,False,
amd-gpu-operator,2,v1.2.1,"v4.16,v4.17,v4.18",2025-05-20T09:02:54,True,True,
anaconda-team-edition,0,,,2021-09-28T16:10:20,True,False,
anchore-engine,0,,,2021-09-28T16:10:20,True,False,
anjuna-operator,1,v2.0.0,"v4.14,v4.15,v4.16,v4.17",2025-02-19T04:58:14,True,False,
antrea-operator-for-kubernetes,10,v1.14.1,"v4.10,v4.11,v4.12,v4.9",2023-12-06T11:01:16,True,False,
anzo-operator,16,v3.1.200,"v4.10,v4.11,v4.12,v4.13,v4.14,v4.15,v4.16,v4.17,v4.18,v4.19,v4.20,v4.6,v4.7,v4.8,v4.9",2025-07-09T10:05:53,True,False,
anzograph-operator,22,v3.2.300,"v4.10,v4.11,v4.12,v4.13,v4.14,v4.15,v4.16,v4.17,v4.18,v4.19,v4.20,v4.6,v4.7,v4.8,v4.9",2025-07-09T13:41:08,True,False,
anzounstructured-operator,14,v3.1.200,"v4.10,v4.11,v4.12,v4.13,v4.14,v4.15,v4.16,v4.17,v4.18,v4.19,v4.20,v4.6,v4.7,v4.8,v4.9",2025-07-08T16:18:37,True,False,
apimatic-codegen-operator,8,v1.9.16,"v4.10,v4.11,v4.6,v4.7,v4.8,v4.9",2022-11-10T12:07:31,True,False,
app-insights-operator,16,1.17.0-2,"v4.10,v4.11,v4.12,v4.13,v4.14,v4.15,v4.16,v4.17,v4.18,v4.19,v4.9",2025-07-15T20:35:08,True,False,
appdynamics-cloud-operator,6,24.7.0-133,"v4.10,v4.11,v4.12,v4.13,v4.14,v4.15,v4.16,v4.17,v4.18,v4.19,v4.20,v4.8,v4.9",2024-08-06T11:38:53,True,False,
appdynamics-operator,26,25.6.0-1160,"v4.10,v4.11,v4.12,v4.13,v4.14,v4.15,v4.16,v4.17,v4.18,v4.19,v4.20,v4.6,v4.7,v4.8,v4.9",2025-07-10T08:15:17,True,False,
appian-operator,2,v0.171.0,"v4.12,v4.13,v4.14,v4.15,v4.16,v4.17",2025-05-20T09:02:54,True,True,
appranix-cps,0,,,2021-09-28T16:10:20,True,False,
appsody-operator-certified,0,,,2021-09-28T16:10:20,True,False,
aqua-operator-certified,60,2022.4.805,"v4.10,v4.11,v4.12,v4.13,v4.14,v4.15,v4.16,v4.17,v4.18,v4.19,v4.20,v4.5,v4.6,v4.7,v4.8,v4.9",2025-06-18T14:55:58,True,False,
armo-operator-certified,0,,,2021-09-28T16:10:20,True,False,
armory-operator,0,,,2021-09-28T16:10:20,True,False,
as400rpc-operator,0,,,2021-09-28T16:10:20,True,False,
aspera-hsts-operator,0,,,2021-09-28T16:10:20,True,False,
atomicorp-helm-operator-certified,0,,,2021-09-28T16:10:20,True,False,
aws-event-sources-operator-certified,1,0.4.0,"v4.6,v4.7,v4.8",2021-11-22T06:30:44,True,False,
bacula-operator2,0,,,2021-09-28T16:10:20,True,False,
behavior-analytics-services-operator-certified,6,v1.1.6,"v4.6,v4.7,v4.8",2022-06-29T16:20:44,True,False,
bigid-operator,0,,,2021-09-28T16:10:20,True,False,
blackduck-connector-operator,0,,,2021-09-28T16:10:20,True,False,
bookkeeper-operator,15,0.17.10,"v4.10,v4.11,v4.12,v4.13,v4.14,v4.15,v4.6,v4.7,v4.8,v4.9",2023-12-22T07:25:17,True,False,
can-operator,0,,,2021-09-28T16:10:20,True,False,
carbonetes-operator,2,1.0.6,"v4.10,v4.6,v4.7,v4.8,v4.9",2022-05-27T03:41:10,True,False,
cass-operator,9,v1.23.2,"v4.10,v4.11,v4.12,v4.13,v4.14,v4.15,v4.16,v4.17,v4.18,v4.19,v4.20,v4.7,v4.8,v4.9",2025-03-20T17:55:13,True,False,
ccm-node-agent-dcap-operator,2,v0.0.2,"v4.10,v4.11,v4.12,v4.13,v4.14,v4.15,v4.16,v4.17,v4.18,v4.19,v4.20,v4.6,v4.7,v4.8,v4.9",2022-04-14T11:54:03,True,False,
ccm-node-agent-operator,1,v0.0.2,"v4.10,v4.11,v4.12,v4.13,v4.14,v4.15,v4.16,v4.17,v4.18,v4.19,v4.20,v4.8,v4.9",2022-04-13T17:50:46,True,False,
ccnfs-operator,5,7.25.10,"v4.12,v4.13,v4.14,v4.15,v4.16,v4.17,v4.18,v4.19,v4.20",2025-05-10T01:32:17,True,False,
cert-manager-operator,0,,,2021-09-28T16:10:20,True,False,
cfm-operator,3,2.10.0-b135,"v4.10,v4.11,v4.12,v4.13,v4.14,v4.15,v4.16,v4.17,v4.18,v4.19,v4.20",2025-05-05T19:43:32,True,False,
ch-escalateai-operator-certified,0,,,2021-09-28T16:10:20,True,False,
cic-operator-with-crds,0,,,2021-09-28T16:10:20,True,False,
cilium,54,1.15.1,"v4.10,v4.11,v4.12,v4.13,v4.14,v4.15,v4.16,v4.17,v4.18,v4.19,v4.20,v4.9",2024-02-20T20:27:53,True,False,
cilium-enterprise,95,1.16.12,"v4.10,v4.11,v4.12,v4.13,v4.14,v4.15,v4.16,v4.17,v4.18,v4.19,v4.20,v4.9",2025-07-16T10:35:45,True,False,
citrix-adc-istio-ingress-gateway-operator,0,,,2021-09-28T16:10:20,True,False,
citrix-cpx-istio-sidecar-injector-operator,0,,,2021-09-28T16:10:20,True,False,
citrix-cpx-with-ingress-controller-operator,5,1.33.4,"v4.10,v4.11,v4.12,v4.13,v4.14,v4.15,v4.16,v4.17,v4.18,v4.19,v4.20,v4.6,v4.7,v4.8,v4.9",2023-06-01T07:12:28,True,False,
citrix-ingress-controller-operator,7,1.33.4,"v4.10,v4.11,v4.12,v4.13,v4.14,v4.15,v4.16,v4.17,v4.18,v4.19,v4.20,v4.6,v4.7,v4.8,v4.9",2023-06-01T07:07:20,True,False,
citrix-multi-cluster-ingress-controller-operator,0,,,2023-05-09T05:13:00,True,False,
cloud-native-postgresql,90,1.26.0-rc3,"v4.10,v4.11,v4.12,v4.13,v4.14,v4.15,v4.16,v4.17,v4.18,v4.19,v4.6,v4.7,v4.8,v4.9",2025-06-06T16:33:08,True,True,
cloudbees-ci,0,,,2021-09-28T16:10:20,True,False,
cloudera-streams-messaging-kubernetes-operator,3,1.4.0-b199,"v4.10,v4.11,v4.12,v4.13,v4.14,v4.15,v4.16,v4.17,v4.18,v4.19,v4.20",2025-07-14T18:47:21,True,False,
cloudhedge,0,,,2021-09-28T16:10:20,True,False,
cloudnative-pg,14,1.26.0-rc3,"v4.11,v4.12,v4.13,v4.14,v4.15,v4.16,v4.17,v4.18,v4.19",2025-05-23T17:49:57,True,True,
cnfv-operator,1,v3,"v4.10,v4.11,v4.12,v4.13,v4.14,v4.15,v4.16,v4.17,v4.18,v4.19,v4.20,v4.6,v4.7,v4.8,v4.9",2022-07-30T03:52:30,True,False,
cnireleasetesting,1,0.0.1,"v4.10,v4.11,v4.7,v4.8,v4.9",2022-08-03T12:52:22,True,False,
cnvrg,24,v4.3.39,"v4.10,v4.11,v4.6,v4.7,v4.8,v4.9",2022-09-23T09:11:53,True,False,
cockroachdb-certified,15,v2.18.1,"v4.10,v4.11,v4.12,v4.13,v4.14,v4.15,v4.16,v4.17,v4.18,v4.19,v4.20,v4.8,v4.9",2025-04-03T17:26:08,True,False,
cockroachdb-test-certified,0,,,2021-09-28T16:10:20,True,False,
confluent-for-kubernetes,47,3.0.0,"v4.10,v4.11,v4.12,v4.13,v4.14,v4.15,v4.16,v4.17,v4.18,v4.3,v4.4,v4.5,v4.6,v4.7,v4.8,v4.9",2025-06-19T19:19:33,True,False,
conjur-follower-operator,19,2.6.1,"v4.10,v4.11,v4.12,v4.13,v4.14,v4.15,v4.16,v4.17,v4.18,v4.19,v4.20,v4.6,v4.7,v4.8,v4.9",2025-06-24T18:35:11,True,False,
conjur-operator-bundle,0,,,2021-09-28T16:10:20,True,False,
contrail-k8s-deployer,2,v23.1.0,"v4.10,v4.11,v4.12,v4.8,v4.9",2023-04-07T22:01:38,True,False,
coralogix-operator,2,1.0.2,"v4.10,v4.6,v4.7,v4.8,v4.9",2022-08-10T22:58:59,True,False,
coralogix-operator-certified,0,,,2021-09-28T16:10:20,True,False,
coroot-operator,4,1.1.5,"v4.12,v4.13,v4.14,v4.15,v4.16,v4.17,v4.18,v4.19,v4.20",2025-01-31T13:15:33,True,False,
cortex-certifai-operator,0,,,2021-09-28T16:10:20,True,False,
cortex-certifai-operator-hub,0,,,2021-09-28T16:10:20,True,False,
cortex-fabric-operator,0,,,2021-09-28T16:10:20,True,False,
cortex-healthcare-hub-operator,0,,,2021-09-28T16:10:20,True,False,
cortex-hub-operator,0,,,2021-09-28T16:10:20,True,False,
couchbase-enterprise-certified,43,2.8.1-2,"v4.10,v4.11,v4.12,v4.13,v4.14,v4.15,v4.16,v4.17,v4.18,v4.8,v4.9",2025-07-15T21:18:11,True,True,
crunchy-postgres-operator,27,5.8.2,"v4.10,v4.11,v4.12,v4.13,v4.14,v4.15,v4.16,v4.17,v4.18,v4.19,v4.20,v4.6,v4.7,v4.8,v4.9",2025-05-22T23:22:01,True,True,
csw-operator,2,1.3.0,"v4.16,v4.17,v4.18,v4.19,v4.20",2024-11-29T12:01:59,True,False,
cte-k8s-operator,8,v1.6.5,"v4.10,v4.11,v4.12,v4.13,v4.14,v4.15,v4.16,v4.17,v4.18,v4.19,v4.20",2025-06-06T17:11:16,True,False,
cyberarmor-operator-certified,0,,,2021-09-28T16:10:20,True,False,
data-explorer-operator-certified,0,,,2021-09-28T16:10:20,True,False,
datadog-operator-certified,25,1.16.0,"v4.10,v4.11,v4.12,v4.13,v4.14,v4.15,v4.16,v4.17,v4.18,v4.19,v4.20,v4.5,v4.6,v4.7,v4.8,v4.9",2025-07-01T23:19:46,True,False,
datasance-pot-operator,2,3.4.9,"v4.12,v4.13,v4.14,v4.15,v4.16,v4.17",2024-11-13T20:53:06,True,False,
dataset-operator,0,,,2021-09-28T16:10:20,True,False,
db2-zos-db-operator,0,,,2021-09-28T16:10:20,True,False,
db2u-operator,0,,,2021-09-28T16:10:20,True,False,
dell-csm-operator-certified,16,1.9.0,"v4.10,v4.11,v4.12,v4.13,v4.14,v4.15,v4.16,v4.17,v4.18,v4.19,v4.20",2025-06-26T12:53:54,True,True,
demo-rose-memcached-operator,0,,,2021-09-28T16:10:20,True,False,
densify-operator,0,,,2021-09-28T16:10:20,True,False,
digitalai-deploy-operator,24,,,2025-07-08T21:44:19,True,False,'<' not supported between instances of 'str' and 'int'
digitalai-release-operator,24,,,2025-07-08T22:11:07,True,False,'<' not supported between instances of 'str' and 'int'
dotscience-operator,0,,,2021-09-28T16:10:20,True,False,
driverlessai-deployment-operator-certified,0,,,2021-09-28T16:10:20,True,False,
dynatrace-operator,43,1.6.0,"v4.10,v4.11,v4.12,v4.13,v4.14,v4.15,v4.16,v4.17,v4.18,v4.19,v4.20,v4.7,v4.8,v4.9",2025-07-08T08:55:24,True,False,
edb-hcp-operator,3,1.2.1,"v4.12,v4.13,v4.14,v4.15,v4.16,v4.17,v4.18,v4.19,v4.20",2025-07-07T15:49:51,True,True,
edb-operator-bundle,0,,,2021-09-28T16:10:20,True,False,
eddi-operator-certified,0,,,2021-09-28T16:10:20,True,False,
edgelabs-ai-sensor-operator,1,1.0.0,"v4.10,v4.11,v4.12,v4.9",2023-06-19T14:31:48,True,False,
eginnovations-operator,9,0.0.10,"v4.10,v4.11,v4.12,v4.13,v4.14,v4.15,v4.16,v4.17,v4.18,v4.19,v4.20,v4.8,v4.9",2025-02-04T14:27:05,True,False,
elasticsearch-eck-operator-certified,24,3.0.0,"v4.10,v4.11,v4.12,v4.13,v4.14,v4.15,v4.16,v4.17,v4.18,v4.19,v4.20,v4.6,v4.7,v4.8,v4.9",2025-04-15T16:53:09,True,False,
entando-k8s-operator,0,,,2021-09-28T16:10:20,True,False,
entando-operator,0,,,2021-09-28T16:10:20,True,False,
enterprise-kyverno,2,0.0.2,"v4.10,v4.11,v4.8,v4.9",2023-01-19T06:45:48,True,False,
enterprise-operator,0,,,2021-09-28T16:10:20,True,False,
epsagon-operator-certified,0,,,2021-09-28T16:10:20,True,False,
erynis-operator,0,,,2021-09-28T16:10:20,True,False,
exascaler-csi-driver-operator,3,2.2.6,"v4.13,v4.14,v4.15",2024-08-27T02:29:45,True,False,
f5-bigip-ctlr-operator,14,v1.21.0,"v4.10,v4.11,v4.12,v4.13,v4.14,v4.15,v4.16,v4.17,v4.18,v4.6,v4.7,v4.8,v4.9",2025-05-28T14:11:25,True,False,
f5-ipam-controller-operator,7,v0.0.7,"v4.10,v4.11,v4.12,v4.13,v4.14,v4.15,v4.16,v4.6,v4.7,v4.8,v4.9",2024-09-09T07:38:33,True,False,
falcon-operator,9,v1.6.0,"v4.12,v4.13,v4.14,v4.15,v4.16,v4.17,v4.18,v4.19,v4.20",2025-06-05T21:07:08,True,False,
federatorai-certified,1,4.7.2-1,"v4.6,v4.7,v4.8,v4.9",2021-11-29T09:47:47,True,False,
fep-helm-operator-certified,0,,,2021-09-28T16:10:20,True,False,
fp-predict-plus-operator-certified,0,,,2021-09-28T16:10:20,True,False,
fujitsu-enterprise-postgres-operator,49,v7.2.7,"v4.10,v4.11,v4.12,v4.13,v4.14,v4.15,v4.16,v4.17,v4.18,v4.19,v4.20,v4.6,v4.7,v4.8,v4.9",2025-07-08T12:38:23,True,False,
fujitsu-enterprise-postgres-operator-with-cg-module,14,v7.1.5,"v4.10,v4.11,v4.12,v4.13,v4.14,v4.15,v4.16,v4.17,v4.18",2025-07-08T12:40:57,True,False,
function-mesh,22,v0.24.0,"v4.10,v4.11,v4.12,v4.13,v4.14,v4.15,v4.16,v4.17,v4.18,v4.19,v4.20,v4.6,v4.7,v4.8,v4.9",2025-03-20T09:56:29,True,False,
fusion-analytics-operator,1,0.0.45,"v4.10,v4.11,v4.8,v4.9",2022-11-01T14:06:38,True,False,
gaudi-ai-sw-tools-operator,2,0.0.2,"v4.14,v4.15,v4.16",2025-01-27T20:38:25,True,False,
gitlab-operator,0,,,2021-09-28T16:10:20,True,False,
gitlab-operator-kubernetes,119,2.1.2,"v4.10,v4.11,v4.12,v4.13,v4.14,v4.15,v4.16,v4.17,v4.18,v4.6,v4.7,v4.8,v4.9",2025-07-09T14:13:43,True,False,
gitlab-runner-operator,38,1.38.0,"v4.10,v4.11,v4.12,v4.13,v4.14,v4.15,v4.16,v4.17,v4.18,v4.6,v4.7,v4.8,v4.9",2025-06-19T23:19:59,True,False,
gpu-operator-certified,27,v25.3.1,"v4.10,v4.11,v4.12,v4.13,v4.14,v4.15,v4.16,v4.17,v4.18,v4.8,v4.9",2025-06-13T00:45:34,True,False,
grafana-cloud-log-forwarder-operator,2,v1.0.2,"v4.10,v4.11,v4.12,v4.13,v4.14,v4.15,v4.16,v4.17,v4.18,v4.19,v4.20,v4.9",2022-03-09T00:44:52,True,False,
growth-stack-operator-certified,0,,,2021-09-28T16:10:20,True,False,
h2o-operator,0,,,2021-09-28T16:10:20,True,False,
habana-ai-operator,28,1.21.2-76,"v4.12,v4.13,v4.14,v4.15,v4.16,v4.17,v4.18,v4.19,v4.20",2025-07-11T11:35:05,True,False,
harness-gitops-operator,1,0.1.4,"v4.10,v4.11,v4.12,v4.13,v4.14,v4.15,v4.16,v4.17,v4.18,v4.19,v4.20,v4.8,v4.9",2025-02-17T13:45:53,True,False,
hazelcast-platform-operator,16,5.15.0,"v4.10,v4.11,v4.12,v4.13,v4.14,v4.15,v4.16,v4.17,v4.18,v4.19,v4.20,v4.6,v4.7,v4.8,v4.9",2025-03-13T16:57:56,True,False,
hcp-terraform-operator,5,2.9.2,"v4.12,v4.13,v4.14,v4.15,v4.16,v4.17,v4.18,v4.19,v4.20",2025-05-28T17:04:32,True,False,
headspinunifiedcontroller,1,202110.179.0,"v4.7,v4.8,v4.9",2022-03-13T23:55:53,True,False,
hedvig-operator,0,,,2021-09-28T16:10:20,True,False,
here-service-operator-certified,0,,,2021-09-28T16:10:20,True,False,
hpe-csi-operator,13,2.5.2,"v4.10,v4.11,v4.12,v4.13,v4.14,v4.15,v4.16,v4.17,v4.18,v4.6,v4.7,v4.8,v4.9",2025-02-27T07:46:24,True,False,
hpe-ezmeral-csi-operator,9,1.0.18,"v4.10,v4.11,v4.12,v4.13,v4.14,v4.15,v4.16,v4.17,v4.18,v4.19,v4.20,v4.5,v4.6,v4.7,v4.8,v4.9",2025-07-07T09:14:05,True,False,
hpe-filex-csi-operator,1,v1.0.0-beta3,"v4.14,v4.15,v4.16,v4.17",2025-01-10T20:44:41,True,False,
hspc-operator,16,1.16.0,"v4.10,v4.11,v4.12,v4.13,v4.14,v4.15,v4.16,v4.17,v4.18,v4.6,v4.7,v4.8,v4.9",2025-07-11T00:29:39,True,False,
hulft,2,10.4.0,"v4.10,v4.11,v4.12,v4.13,v4.14,v4.15,v4.16,v4.17,v4.18,v4.19,v4.20",2025-06-02T12:32:22,True,False,
ibm-application-gateway-operator,6,25.2.0,"v4.10,v4.11,v4.12,v4.13,v4.14,v4.15,v4.16,v4.17,v4.18,v4.19,v4.20,v4.6,v4.7,v4.8,v4.9",2025-02-06T00:36:12,True,False,
ibm-auditlogging-operator-app,0,,,2021-09-28T16:10:20,True,False,
ibm-block-csi-operator,13,1.12.4,"v4.10,v4.11,v4.12,v4.13,v4.14,v4.15,v4.16,v4.17,v4.18,v4.19,v4.7,v4.8,v4.9",2025-06-17T19:30:51,True,False,
ibm-blockchain-certified,0,,,2021-09-28T16:10:20,True,False,
ibm-catalog-enablement,0,,,2021-09-28T16:10:20,True,False,
ibm-catalog-ui-operator-app,0,,,2021-09-28T16:10:20,True,False,
ibm-cert-manager-operator,0,,,2021-09-28T16:10:20,True,False,
ibm-cloud-databases-redis,0,,,2021-09-28T16:10:20,True,False,
ibm-commonui-operator-app,1,v4.8.0,"v4.12,v4.13,v4.14,v4.15,v4.16,v4.17,v4.18",2025-06-18T23:36:18,True,False,
ibm-cp-data-operator,0,,,2021-09-28T16:10:20,True,False,
ibm-data-reporter-operator,34,2.19.4,"v4.10,v4.11,v4.12,v4.13,v4.14,v4.15,v4.16,v4.17,v4.18,v4.19",2025-07-09T21:43:20,True,False,
ibm-healthcheck-operator-app,0,,,2021-09-28T16:10:20,True,False,
ibm-helm-api-operator-app,0,,,2021-09-28T16:10:20,True,False,
ibm-helm-repo-operator-app,0,,,2021-09-28T16:10:20,True,False,
ibm-iam-operator-app,0,,,2021-09-28T16:10:20,True,False,
ibm-ingress-nginx-operator-app,0,,,2021-09-28T16:10:20,True,False,
ibm-itx-rs-operator,0,,,2021-09-28T16:10:20,True,False,
ibm-java-acceleration-operator,0,,,2021-09-28T16:10:20,True,False,
ibm-management-hybridapp,0,,,2021-09-28T16:10:20,True,False,
ibm-management-ingress-operator-app,0,,,2021-09-28T16:10:20,True,False,
ibm-metering-operator-app,0,,,2021-09-28T16:10:20,True,False,
ibm-metrics-operator,36,2.19.4,"v4.10,v4.11,v4.12,v4.13,v4.14,v4.15,v4.16,v4.17,v4.18,v4.19,v4.9",2025-07-09T20:40:23,True,False,
ibm-mongodb-operator-app,0,,,2021-09-28T16:10:20,True,False,
ibm-monitoring-grafana-operator-app,0,,,2021-09-28T16:10:20,True,False,
ibm-monitoring-prometheusext-operator-app,0,,,2021-09-28T16:10:20,True,False,
ibm-mq-operator,0,,,2021-09-28T16:10:20,True,False,
ibm-platform-api-operator-app,0,,,2021-09-28T16:10:20,True,False,
ibm-sample-panamax,0,,,2021-09-28T16:10:20,True,False,
ibm-security-verify-access-operator,4,25.4.0,"v4.10,v4.11,v4.12,v4.13,v4.14,v4.15,v4.16,v4.17,v4.18,v4.19,v4.20,v4.6,v4.7,v4.8,v4.9",2025-05-01T06:30:33,True,False,
ibm-security-verify-directory-operator,3,23.4.1,"v4.10,v4.11,v4.12,v4.13,v4.14,v4.15,v4.16,v4.17,v4.18,v4.19,v4.20,v4.9",2023-04-19T00:28:55,True,False,
ibm-security-verify-operator,4,23.3.0,"v4.10,v4.11,v4.12,v4.13,v4.14,v4.15,v4.16,v4.17,v4.18,v4.19,v4.20,v4.7,v4.8,v4.9",2023-03-22T04:27:01,True,False,
ibm-spectrum-scale-csi,0,,,2021-09-28T16:10:20,True,False,
ibm-spectrum-symphony-operator,1,1.1.2,"v4.6,v4.7,v4.8,v4.9",2021-12-16T18:48:25,True,False,
ibm-storage-odf-operator,12,1.8.0,"v4.10,v4.11,v4.12,v4.13,v4.14,v4.15,v4.16,v4.17,v4.18,v4.19,v4.9",2025-07-07T13:01:17,True,False,
ibm-tas,0,,,2021-09-28T16:10:20,True,False,
ibm-test,0,,,2021-09-28T16:10:20,True,False,
ibm-transformation-advisor,0,,,2021-09-28T16:10:20,True,False,
ibm-tririga,0,,,2021-09-28T16:10:20,True,False,
ibm-zen-operator,1,v6.1.3,"v4.12,v4.13,v4.14,v4.15,v4.16,v4.17,v4.18",2025-06-17T23:01:53,True,False,
ibmtririga-operator,0,,,2021-09-28T16:10:20,True,False,
ibmz-mongodb-ee-operator,1,5.0.9,"v4.10,v4.6,v4.7,v4.8,v4.9",2022-07-22T18:04:43,True,False,
ibmz-mongodb-enterprise-operator,2,4.4.2,"v4.10,v4.6,v4.7,v4.8,v4.9",2022-05-29T05:38:33,True,False,
infinibox-operator-certified,35,v2.21.0,"v4.10,v4.11,v4.12,v4.13,v4.14,v4.15,v4.16,v4.17,v4.18,v4.6,v4.7,v4.8,v4.9",2025-05-20T08:56:24,True,False,
infoscale-dr-manager,13,8.0.400,"v4.10,v4.11,v4.12,v4.13,v4.14,v4.15,v4.16,v4.17,v4.18,v4.19,v4.20,v4.9",2025-02-12T08:45:27,True,False,
infoscale-licensing-operator,13,8.0.400,"v4.10,v4.11,v4.12,v4.13,v4.14,v4.15,v4.16,v4.17,v4.18,v4.19,v4.20,v4.9",2025-02-12T08:43:22,True,False,
infoscale-sds-operator,15,8.0.400,"v4.10,v4.11,v4.12,v4.13,v4.14,v4.15,v4.16,v4.17,v4.18,v4.19,v4.20,v4.9",2025-02-12T12:21:14,True,False,
infrastructure-asset-orchestrator-certified,2,v1.0.2,"v4.10,v4.11,v4.12,v4.13,v4.14,v4.15,v4.16,v4.17,v4.18,v4.19,v4.20,v4.6,v4.7,v4.8,v4.9",2022-06-30T12:50:13,True,False,
insightedge-enterprise-operator2,0,,,2021-09-28T16:10:20,True,False,
insightedge-operator,0,,,2021-09-28T16:10:20,True,False,
installkit-customer,0,,,2021-09-28T16:10:20,True,False,
instana-agent,0,,,2021-09-28T16:10:20,True,False,
instana-agent-operator,49,2.1.29,"v4.10,v4.11,v4.12,v4.13,v4.14,v4.15,v4.16,v4.17,v4.18,v4.19,v4.20,v4.5,v4.6,v4.7,v4.8,v4.9",2025-07-10T21:12:52,True,False,
intel-device-plugins-operator,7,0.32.1,"v4.10,v4.11,v4.12,v4.13,v4.14,v4.15,v4.16,v4.17,v4.18,v4.19,v4.20",2025-05-28T23:49:52,True,False,
intel-ethernet-operator,2,v1.0.0,"v4.10,v4.11,v4.12,v4.13,v4.9",2023-08-03T15:00:28,True,False,
intel-kubernetes-power-manager,2,v2.3.2,"v4.13,v4.14,v4.15,v4.16,v4.17,v4.18,v4.19,v4.20",2023-10-09T17:51:19,True,False,
iomesh-operator,0,,,2021-09-28T16:10:20,True,False,
ionir-operator,2,1.0.7,"v4.6,v4.7",2021-11-30T15:37:36,True,False,
isovalent-networking,3,v1.17.6-cee.1,"v4.14,v4.15,v4.16,v4.17,v4.18,v4.19,v4.20",2025-07-16T08:26:39,True,True,
ivory-server-app,0,,,2021-09-28T16:10:20,True,False,
janusgraph-operator,0,,,2021-09-28T16:10:20,True,False,
jianwei-test-operator,1,v0.0.3,"v4.6,v4.7,v4.8,v4.9",2021-11-22T07:52:16,True,False,
jlh-operator,0,,,2021-09-28T16:10:20,True,False,
joget-dx-operator,15,0.0.36,"v4.10,v4.11,v4.12,v4.13,v4.14,v4.15,v4.16,v4.17,v4.18,v4.19,v4.20,v4.5,v4.6,v4.7,v4.8,v4.9",2023-02-24T10:10:31,True,False,
joget-dx8-operator,14,0.0.14,"v4.10,v4.11,v4.12,v4.13,v4.14,v4.15,v4.16,v4.17,v4.18,v4.19,v4.20,v4.8,v4.9",2024-05-31T11:20:58,True,False,
joget-openshift-operator,0,,,2021-09-28T16:10:20,True,False,
jtrac-app-operator,0,,,2021-09-28T16:10:20,True,False,
k8s-triliovault,48,5.0.4,"v4.10,v4.11,v4.12,v4.13,v4.14,v4.15,v4.16,v4.17,v4.18,v4.19,v4.20,v4.6,v4.7,v4.8,v4.9",2025-06-03T17:48:20,True,True,
kauntlet,1,1.2.1,"v4.12,v4.13,v4.14,v4.15,v4.16",2024-09-09T04:55:58,True,False,
keysight-ati-updates,3,0.1.21,"v4.11,v4.12,v4.13,v4.14,v4.15,v4.16,v4.17,v4.18,v4.19,v4.20,v4.7,v4.8",2023-09-21T13:01:14,True,False,
keysight-kcos-framework,3,0.1.21,"v4.11,v4.12,v4.13,v4.14,v4.15,v4.16,v4.17,v4.18,v4.19,v4.20,v4.7,v4.8",2023-09-21T14:20:01,True,False,
keysight-kcos-ingress,3,0.1.21,"v4.11,v4.12,v4.13,v4.14,v4.15,v4.16,v4.17,v4.18,v4.19,v4.20,v4.7,v4.8",2023-09-21T10:55:11,True,False,
keysight-kcos-licensing,3,0.1.21,"v4.10,v4.11,v4.12,v4.13,v4.14,v4.15,v4.16,v4.17,v4.18,v4.19,v4.20,v4.7,v4.8,v4.9",2023-09-21T14:04:51,True,False,
keysight-kcos-roads,1,0.0.90,"v4.7,v4.8",2022-12-08T12:08:37,True,False,
keysight-kcos-roads-schema,1,0.0.90,"v4.7,v4.8",2022-12-08T12:08:08,True,False,
keysight-kcos-sso,3,0.1.21,"v4.11,v4.12,v4.13,v4.14,v4.15,v4.16,v4.17,v4.18,v4.19,v4.20,v4.7,v4.8",2023-09-21T11:21:52,True,False,
keysight-keycloak-operator,4,0.1.21,"v4.11,v4.12,v4.13,v4.14,v4.15,v4.16,v4.17,v4.18,v4.19,v4.20,v4.7,v4.8",2023-09-21T11:17:30,True,False,
keysight-load-core,3,0.1.21,"v4.11,v4.12,v4.13,v4.14,v4.15,v4.16,v4.17,v4.18,v4.19,v4.20,v4.7,v4.8",2023-09-21T12:52:24,True,False,
keysight-loadcore-agents,6,0.2.25,"v4.11,v4.12,v4.13,v4.14,v4.15,v4.16,v4.17,v4.18,v4.19,v4.20,v4.7,v4.8",2024-11-21T12:19:47,True,False,
keysight-nats-operator,3,0.1.21,"v4.11,v4.12,v4.13,v4.14,v4.15,v4.16,v4.17,v4.18,v4.19,v4.20,v4.7,v4.8",2023-09-21T14:34:44,True,False,
keysight-nimbusmosaic-dusim,2,0.1.21,"v4.11,v4.12,v4.13,v4.14,v4.15,v4.16,v4.17,v4.18,v4.19,v4.20",2023-09-21T10:08:22,True,False,
keysight-rest-api-browser-v1,3,0.1.21,"v4.11,v4.12,v4.13,v4.14,v4.15,v4.16,v4.17,v4.18,v4.19,v4.20,v4.7,v4.8",2023-09-21T11:53:29,True,False,
keysight-wap-appsec,3,0.1.21,"v4.11,v4.12,v4.13,v4.14,v4.15,v4.16,v4.17,v4.18,v4.19,v4.20,v4.7,v4.8",2023-09-21T13:05:39,True,False,
keysight-wap-core,3,0.1.21,"v4.11,v4.12,v4.13,v4.14,v4.15,v4.16,v4.17,v4.18,v4.19,v4.20,v4.7,v4.8",2023-09-21T13:18:44,True,False,
keysight-wap-db,3,0.1.21,"v4.11,v4.12,v4.13,v4.14,v4.15,v4.16,v4.17,v4.18,v4.19,v4.20,v4.7,v4.8",2023-09-21T13:36:21,True,False,
keysight-wap-diagnostics,2,0.1.21,"v4.11,v4.12,v4.13,v4.14,v4.15,v4.16,v4.17,v4.18,v4.19,v4.20",2023-09-21T15:03:14,True,False,
keysight-wap-logging,3,0.1.21,"v4.11,v4.12,v4.13,v4.14,v4.15,v4.16,v4.17,v4.18,v4.19,v4.20,v4.7,v4.8",2023-09-21T13:23:15,True,False,
keysight-wap-migration,2,0.1.21,"v4.11,v4.12,v4.13,v4.14,v4.15,v4.16,v4.17,v4.18,v4.19,v4.20",2023-09-21T14:57:55,True,False,
keysight-wap-msg-broker,3,0.1.21,"v4.11,v4.12,v4.13,v4.14,v4.15,v4.16,v4.17,v4.18,v4.19,v4.20,v4.7,v4.8",2023-09-21T13:32:01,True,False,
keysight-wap-notifications,3,0.1.21,"v4.11,v4.12,v4.13,v4.14,v4.15,v4.16,v4.17,v4.18,v4.19,v4.20,v4.7,v4.8",2023-09-21T13:14:20,True,False,
keysight-wap-stats-dashboards,3,0.1.21,"v4.11,v4.12,v4.13,v4.14,v4.15,v4.16,v4.17,v4.18,v4.19,v4.20,v4.7,v4.8",2023-09-21T12:56:46,True,False,
keysight-wap-storage,3,0.1.21,"v4.11,v4.12,v4.13,v4.14,v4.15,v4.16,v4.17,v4.18,v4.19,v4.20,v4.7,v4.8",2023-09-21T13:27:42,True,False,
keysight-wap-test-core,3,0.1.21,"v4.11,v4.12,v4.13,v4.14,v4.15,v4.16,v4.17,v4.18,v4.19,v4.20,v4.7,v4.8",2023-09-21T13:09:51,True,False,
keysight-wap-ui,3,0.1.21,"v4.11,v4.12,v4.13,v4.14,v4.15,v4.16,v4.17,v4.18,v4.19,v4.20,v4.7,v4.8",2023-09-21T09:54:33,True,False,
keysight-websocket-service,3,0.1.21,"v4.11,v4.12,v4.13,v4.14,v4.15,v4.16,v4.17,v4.18,v4.19,v4.20,v4.7,v4.8",2023-09-21T13:41:03,True,False,
konexios-operator,0,,,2021-09-28T16:10:20,True,False,
kong-gateway-operator,9,v0.3.0,"v4.10,v4.11,v4.12,v4.13,v4.14,v4.15,v4.16,v4.17,v4.18,v4.19,v4.20",2022-12-06T17:05:29,True,False,
kong-offline-operator,1,0.10.1,"v4.10,v4.6,v4.7,v4.8,v4.9",2022-07-13T17:29:05,True,False,
kove-operator,13,v3.0.1,"v4.10,v4.11,v4.12,v4.13,v4.14,v4.15,v4.16,v4.17,v4.18,v4.7,v4.8,v4.9",2025-07-02T00:33:02,True,False,
kpow-io-certified,0,,,2021-09-28T16:10:20,True,False,
kube-arangodb,0,,,2021-09-28T16:10:20,True,False,
kube-loxilb-operator,1,0.8.3,"v4.10,v4.11,v4.12,v4.9",2023-03-28T09:16:32,True,False,
kubearmor-operator-certified,12,1.5.2,"v4.10,v4.11,v4.12,v4.13,v4.14,v4.15,v4.16,v4.17,v4.18,v4.19,v4.20,v4.9",2025-02-07T04:55:44,True,False,
kubecost-operator,4,v2.8.0,"v4.11,v4.12,v4.13,v4.14,v4.15,v4.16,v4.17,v4.18,v4.19,v4.20",2025-07-11T00:52:04,True,True,
kubemq-operator-marketplace,7,1.8.6,"v4.10,v4.11,v4.12,v4.13,v4.14,v4.15,v4.16,v4.17,v4.8,v4.9",2024-10-18T20:48:53,True,False,
kubeplus,0,,,2021-09-28T16:10:20,True,False,
kubeturbo-certified,189,8.16.60-beta.1,"v4.10,v4.11,v4.12,v4.13,v4.14,v4.15,v4.16,v4.17,v4.18,v4.19,v4.20,v4.6,v4.7,v4.8,v4.9",2025-07-16T04:49:17,True,False,
kubevious-operator,11,v1.0.4,"v4.10,v4.6,v4.7,v4.8,v4.9",2022-10-06T07:00:19,True,False,
leaksignal-operator,6,1.9.1,"v4.10,v4.11,v4.12,v4.13,v4.14,v4.6,v4.7,v4.8,v4.9",2024-12-21T00:23:35,True,False,
lenovo-locd-operator,1,v0.1.0,"v4.10,v4.11,v4.12,v4.13,v4.14,v4.15,v4.16,v4.17,v4.18,v4.19,v4.20,v4.8,v4.9",2022-08-24T15:24:49,True,False,
lichen-operator,0,,,2021-09-28T16:10:20,True,False,
lightbits-operator,4,1.0.0,"v4.10,v4.11,v4.17,v4.18",2025-05-19T21:13:49,True,False,
linstor-operator,2,v2.9.0,"v4.10,v4.11,v4.12,v4.13,v4.14,v4.15,v4.16,v4.17,v4.18,v4.19,v4.20,v4.7,v4.8,v4.9",2025-06-18T16:15:06,True,False,
linstor-operator-certified,0,,,2021-09-28T16:10:20,True,False,
lunaclient-helm-operator,3,1.0.2,"v4.10,v4.8,v4.9",2023-01-04T14:12:35,True,False,
mantaflow-operator,3,v36.0.0,"v4.7,v4.8,v4.9",2022-04-01T20:56:37,True,False,
mariadb-enterprise-operator,3,1.0.0,"v4.14,v4.15,v4.16,v4.17,v4.18,v4.19,v4.20",2025-04-18T12:07:04,True,False,
marketplace-games-operator,0,,,2021-09-28T16:10:20,True,False,
marketplace-games-operator-jinhli,0,,,2021-09-28T16:10:20,True,False,
memcached-operator,0,,,2021-09-28T16:10:20,True,False,
memcached-operator-ogaye,0,,,2021-10-25T17:12:35,True,False,
memql-certified,0,,,2021-09-28T16:10:20,True,False,
meta-operator-app,0,,,2021-09-28T16:10:20,True,False,
mf-cics-tg-operator,0,,,2021-09-28T16:10:20,True,False,
mf-cics-ts-operator,0,,,2021-09-28T16:10:20,True,False,
mf-ims-dc-operator,0,,,2021-09-28T16:10:20,True,False,
mf-vsam-rpc-operator,0,,,2021-09-28T16:10:20,True,False,
minio-aistor-operator,6,2025.1.28195023,"v4.10,v4.11,v4.12,v4.13,v4.14,v4.15,v4.16,v4.17,v4.8,v4.9",2025-02-09T06:03:42,True,False,
minio-key-manager-operator,3,2025.7.1011319,"v4.12,v4.13,v4.14,v4.15,v4.16,v4.17,v4.18,v4.19",2025-07-01T23:57:27,True,False,
minio-object-store-operator,3,2025.7.1011319,"v4.12,v4.13,v4.14,v4.15,v4.16,v4.17,v4.18,v4.19",2025-07-02T01:09:10,True,False,
minio-operator,31,5.0.15,"v4.10,v4.11,v4.12,v4.13,v4.14,v4.15,v4.6,v4.7,v4.8,v4.9",2024-05-07T20:20:33,True,False,
model-builder-for-vision-certified,3,v1.0.3,"v4.10,v4.11,v4.12,v4.13,v4.14,v4.15,v4.16,v4.17,v4.18,v4.19,v4.20,v4.6,v4.7,v4.8,v4.9",2022-06-30T16:54:04,True,False,
mongodb-atlas-kubernetes,37,2.9.1,"v4.10,v4.11,v4.12,v4.13,v4.14,v4.15,v4.16,v4.17,v4.18,v4.19,v4.20,v4.6,v4.7,v4.8,v4.9",2025-07-03T10:45:47,True,False,
mongodb-enterprise,30,1.33.0,"v4.10,v4.11,v4.12,v4.13,v4.14,v4.15,v4.16,v4.17,v4.18,v4.19,v4.20,v4.6,v4.7,v4.8,v4.9",2025-04-16T11:57:48,True,False,
mongodb-enterprise-advanced-ibm,0,,,2021-09-28T16:10:20,True,False,
mongodb-enterprise-certified,0,,,2021-09-28T16:10:20,True,False,
mongodb-kubernetes,4,1.2.0,"v4.10,v4.11,v4.12,v4.13,v4.14,v4.15,v4.16,v4.17,v4.18,v4.19,v4.20,v4.6,v4.7,v4.8,v4.9",2025-07-08T09:24:17,True,False,
mvc-db-app-operator,0,,,2021-09-28T16:10:20,True,False,
my-transform-adv-operator,0,,,2021-09-28T16:10:20,True,False,
n3000,0,,,2021-09-28T16:10:20,True,False,
nastel-navigator-operator,0,,,2021-09-28T16:10:20,True,False,
nastel-navigator-operator-certified,0,,,2021-09-28T16:10:20,True,False,
nastel-xray-operator,0,,,2021-09-28T16:10:20,True,False,
netapp-spark-operator,5,1.1.3,"v4.14,v4.15,v4.16,v4.17,v4.18,v4.19,v4.20",2024-10-21T17:33:44,True,False,
nethopper-operator,0,,,2021-09-28T16:10:20,True,False,
netscaler-adm-agent-operator,8,141.37.44,"v4.10,v4.11,v4.12,v4.13,v4.14,v4.15,v4.16,v4.17,v4.18,v4.19,v4.20,v4.6,v4.7,v4.8,v4.9",2024-11-21T15:39:07,True,False,
netscaler-operator,17,3.2.0,"v4.10,v4.11,v4.12,v4.13,v4.14,v4.15,v4.16,v4.17,v4.18,v4.19,v4.20,v4.6,v4.7,v4.8,v4.9",2025-04-15T07:04:23,True,False,
neuvector-certified-operator,21,1.5.1,"v4.10,v4.11,v4.12,v4.13,v4.14,v4.15,v4.16,v4.17,v4.18,v4.19,v4.20,v4.4,v4.5,v4.6,v4.7,v4.8,v4.9",2025-07-16T09:34:49,True,False,
neuvector-operator,0,,,2021-09-28T16:10:20,True,False,
newrelic-infrastructure,0,,,2021-09-28T16:10:20,True,False,
nexus-operator,0,,,2021-09-28T16:10:20,True,False,
nexus-repository-ha-operator-certified,17,3.80.0-2,"v4.10,v4.11,v4.12,v4.13,v4.14,v4.15,v4.16,v4.17,v4.18,v4.19,v4.20",2025-05-07T20:54:29,True,False,
nginx-ingress-operator,33,v3.2.0,"v4.10,v4.11,v4.12,v4.13,v4.14,v4.15,v4.16,v4.17,v4.18,v4.19,v4.20,v4.6,v4.7,v4.8,v4.9",2025-07-14T13:51:13,True,False,
nim-operator-certified,3,v2.0.1,"v4.15,v4.16,v4.17,v4.18,v4.19,v4.20",2025-07-03T18:03:27,True,False,
node-red-operator-certified,1,v0.0.4,"v4.6,v4.7,v4.8",2021-11-15T06:48:04,True,False,
node-red-operator-rhm-certified,0,,,2021-09-28T16:10:20,True,False,
nspc-operator,6,1.13.1,"v4.10,v4.11,v4.12,v4.13,v4.14,v4.15,v4.16,v4.7,v4.8,v4.9",2025-01-20T07:18:03,True,False,
nsx-container-plugin-operator,0,,,2022-12-06T23:37:48,True,False,
nutanixcsioperator,19,3.3.4,"v4.10,v4.11,v4.12,v4.13,v4.14,v4.15,v4.16,v4.17,v4.18,v4.19,v4.6,v4.7,v4.8,v4.9",2025-06-18T13:49:36,True,False,
nvidia-maintenance-operator,4,0.2.3,"v4.14,v4.15,v4.16,v4.17,v4.18,v4.19,v4.20",2025-07-13T16:54:58,True,False,
nvidia-network-operator,21,25.4.0,"v4.10,v4.11,v4.12,v4.13,v4.14,v4.15,v4.16,v4.17,v4.18,v4.19,v4.20,v4.9",2025-06-12T16:44:02,True,True,
nvmesh-operator,0,,,2021-09-28T16:10:20,True,False,
nxiq-operator-certified,12,1.193.0-1,"v4.10,v4.11,v4.12,v4.13,v4.14,v4.15,v4.16,v4.17,v4.18,v4.19,v4.20,v4.6,v4.7,v4.8,v4.9",2025-07-11T21:56:50,True,False,
nxrm-operator-certified,12,3.58.1-2,"v4.10,v4.11,v4.12,v4.13,v4.14,v4.15,v4.16,v4.17,v4.18,v4.19,v4.20,v4.6,v4.7,v4.8,v4.9",2023-08-02T15:49:22,True,False,
obi-prod-test-2,1,0.0.2,"v4.14,v4.15,v4.16,v4.17,v4.18,v4.19,v4.20",2023-10-31T16:22:52,True,False,
ocean-operator,0,,,2021-09-28T16:10:20,True,False,
oceanbase-operator,1,2.2.2,"v4.10,v4.11,v4.12,v4.13,v4.14,v4.15,v4.16,v4.6,v4.7,v4.8,v4.9",2024-08-19T07:41:11,True,False,
odigos-operator,10,v1.0.206,"v4.12,v4.13,v4.14,v4.15,v4.16,v4.17,v4.18,v4.19,v4.20",2025-07-09T18:02:15,True,False,
ogaye-operator,2,0.0.2,"v4.6,v4.7,v4.8",2021-11-21T20:27:05,True,False,
oneagent-certified,0,,,2021-09-28T16:10:20,True,False,
op-svc-jenkins,0,,,2021-09-28T16:10:20,True,False,
op1,0,,,2021-09-28T16:10:20,True,False,
open-enterprise-spinnaker,0,,,2021-09-28T16:10:20,True,False,
open-liberty-certified,13,1.4.3,"v4.10,v4.11,v4.12,v4.13,v4.14,v4.15,v4.16,v4.17,v4.18,v4.19,v4.20,v4.6,v4.7,v4.8,v4.9",2025-05-06T22:24:45,True,False,
openj9-operator,0,,,2021-09-28T16:10:20,True,False,
openshift,0,,,2021-09-28T16:10:20,True,False,
openshiftartifactoryha-operator,16,1.3.3,"v4.10,v4.11,v4.12,v4.13,v4.14,v4.15,v4.16,v4.17,v4.18,v4.19,v4.20,v4.6,v4.7,v4.8,v4.9",2025-02-26T20:53:02,True,False,
openshiftpipeline-operator,0,,,2021-09-28T16:10:20,True,False,
openshiftxray-operator,8,2.1.6,"v4.10,v4.11,v4.12,v4.13,v4.14,v4.15,v4.16,v4.17,v4.18,v4.19,v4.20,v4.6,v4.7,v4.8,v4.9",2024-03-25T15:25:07,True,False,
openunison-ocp-certified,0,,,2021-09-28T16:10:20,True,False,
operand-deployment-lifecycle-manager-app,0,,,2021-09-28T16:10:20,True,False,
operator,0,,,2021-09-28T16:10:20,True,False,
operator-amf,0,,,2021-09-28T16:10:20,True,False,
operator-amf1,0,,,2021-09-28T16:10:20,True,False,
operator-certification-operator,11,1.3.1,"v4.10,v4.11,v4.12,v4.13,v4.14,v4.15,v4.16,v4.17,v4.18,v4.19,v4.20,v4.8,v4.9",2025-06-23T21:07:50,True,True,
operator-demo,0,,,2021-09-28T16:10:20,True,False,
optimize-controller,0,,,2021-09-28T16:10:20,True,False,
oracle-database-operator,1,0.2.0,"v4.10,v4.7,v4.8,v4.9",2022-08-30T11:54:55,True,False,
oracle-db-operator,0,,,2021-09-28T16:10:20,True,False,
orca,0,,,2021-09-28T16:10:20,True,False,
orionx-operator,1,1.0.0,"v4.6,v4.7,v4.8",2022-09-13T11:23:26,True,False,
ovms-operator,3,1.2.0,"v4.10,v4.11,v4.12,v4.13,v4.14,v4.15,v4.16,v4.17,v4.18,v4.19,v4.20,v4.9",2024-05-15T08:19:24,True,False,
owldq-operator-certified,0,,,2021-09-28T16:10:20,True,False,
pachyderm-operator,8,v0.1.4,"v4.10,v4.11,v4.12,v4.13,v4.14,v4.15,v4.16,v4.17,v4.18,v4.19,v4.20,v4.6,v4.7,v4.8,v4.9",2022-09-15T18:14:38,True,False,
pan-cn-series-operator,2,2.0.0,"v4.10,v4.11,v4.12,v4.13,v4.7,v4.8,v4.9",2024-03-05T16:04:21,True,False,
pcc-operator,3,0.2.3,"v4.10,v4.11,v4.12,v4.13,v4.14,v4.15,v4.16,v4.17,v4.18,v4.19,v4.20,v4.6,v4.7,v4.8,v4.9",2022-10-14T17:24:16,True,False,
perceptilabs-operator-package,0,,,2021-09-28T16:10:20,True,False,
percona-postgresql-operator-certified,15,2.6.1-cw,"v4.10,v4.11,v4.12,v4.13,v4.14,v4.15,v4.16,v4.17,v4.18,v4.7,v4.8,v4.9",2025-04-07T16:22:26,True,False,
percona-server-mongodb-operator-certified,14,1.20.1,"v4.10,v4.11,v4.12,v4.13,v4.14,v4.15,v4.16,v4.17,v4.18,v4.7,v4.8,v4.9",2025-06-06T11:31:13,True,False,
percona-xtradb-cluster-operator-certified,16,1.17.0-cw,"v4.10,v4.11,v4.12,v4.13,v4.14,v4.15,v4.16,v4.17,v4.18,v4.7,v4.8,v4.9",2025-04-16T10:20:12,True,False,
pg4k-pgd,11,1.1.1,"v4.10,v4.11,v4.12,v4.13,v4.14,v4.15,v4.16,v4.17,v4.18",2025-03-20T03:30:25,True,False,
pmem-csi-operator,0,,,2021-09-28T16:10:20,True,False,
pmem-csi-operator-os,1,v1.0.2,"v4.6,v4.7,v4.8,v4.9",2022-03-01T12:26:01,True,False,
portshift-controller-operator,0,,,2021-09-28T16:10:20,True,False,
portworx-certified,39,25.2.2,"v4.10,v4.11,v4.12,v4.13,v4.14,v4.15,v4.16,v4.17,v4.18,v4.19,v4.20,v4.6,v4.7,v4.8,v4.9",2025-07-08T19:30:09,True,False,
presto-operator,0,,,2021-09-28T16:10:20,True,False,
presto-operator-certified,0,,,2021-09-28T16:10:20,True,False,
prisma-cloud-compute-console-operator.v2.0.1,0,,,2021-09-28T16:10:20,True,False,
prometurbo-certified,153,8.16.60-beta.1,"v4.10,v4.11,v4.12,v4.13,v4.14,v4.15,v4.16,v4.17,v4.18,v4.19,v4.20,v4.6,v4.7,v4.8,v4.9",2025-07-16T04:31:23,True,False,
pubsubplus-eventbroker-operator,4,1.3.0,"v4.11,v4.12,v4.13,v4.14,v4.15,v4.16,v4.17,v4.18,v4.19,v4.20",2025-05-05T18:12:25,True,False,
pulsar-operator,16,0.17.10,"v4.10,v4.11,v4.12,v4.13,v4.14,v4.15,v4.6,v4.7,v4.8,v4.9",2023-12-22T07:16:21,True,False,
pulsar-resources-operator,3,0.4.10,"v4.10,v4.11,v4.12,v4.13,v4.14,v4.15,v4.6,v4.7,v4.8,v4.9",2024-06-11T08:55:31,True,False,
raftt-operator,3,1.25.2,"v4.16,v4.17,v4.18,v4.19,v4.20",2025-04-29T14:44:14,True,False,
rapidbiz-operator-certified,0,,,2021-09-28T16:10:20,True,False,
realmethods-certified-operator,0,,,2021-09-28T16:10:20,True,False,
redhat-marketplace-operator,31,2.15.0,"v4.10,v4.11,v4.12,v4.13,v4.14,v4.15,v4.6,v4.7,v4.8,v4.9",2024-05-29T22:43:57,True,False,
redis-enterprise-operator-cert,51,,,2025-06-26T19:03:07,True,False,'<' not supported between instances of 'str' and 'int'
redteamobile-entitlement,2,3.1.0,"v4.12,v4.13,v4.14,v4.15,v4.16,v4.17,v4.18,v4.19,v4.20",2025-01-20T13:00:47,True,False,
rest-rpc-operator,0,,,2021-09-28T16:10:20,True,False,
robin-operator-redhat,0,,,2021-09-28T16:10:20,True,False,
robin-storage-enterprise,0,,,2021-09-28T16:10:20,True,False,
robin-storage-express,0,,,2021-09-28T16:10:20,True,False,
robin-storage-trial,0,,,2021-09-28T16:10:20,True,False,
rocketchat-operator-certified,0,,,2021-09-28T16:10:20,True,False,
rookout-k8s-operator,1,1.0.0,"v4.10,v4.6,v4.7,v4.8,v4.9",2022-04-22T01:19:46,True,False,
rose-memcached-operator,0,,,2021-09-28T16:10:20,True,False,
rose-test1-operator,0,,,2021-09-28T16:10:20,True,False,
rtf-agent-operator,3,v1.13.36,"v4.10,v4.6,v4.7,v4.8,v4.9",2022-07-19T01:55:48,True,False,
rubicon-rhc-operator,1,1.0.0-alpha,"v4.10,v4.11",2022-12-11T21:35:24,True,False,
runai-ocp-cluster-installer,6,1.0.3,"v4.10,v4.8,v4.9",2023-01-04T17:58:57,True,False,
runtime-component-operator-certified,13,1.4.3,"v4.10,v4.11,v4.12,v4.13,v4.14,v4.15,v4.16,v4.17,v4.18,v4.19,v4.20,v4.6,v4.7,v4.8,v4.9",2025-05-06T21:38:48,True,False,
runtime-fabric-operator,27,v2.10.34,"v4.10,v4.11,v4.12,v4.13,v4.14,v4.15,v4.16,v4.17,v4.18,v4.19,v4.6,v4.7,v4.8,v4.9",2025-06-30T21:35:51,True,False,
sanstoragecsi-operator-bundle,1,1.1.0,"v4.10,v4.11,v4.12,v4.13,v4.14,v4.15,v4.16,v4.17,v4.18,v4.19,v4.20,v4.9",2022-07-21T13:50:59,True,False,
sap-rfc-operator,0,,,2021-09-28T16:10:20,True,False,
scaleops-operator,134,v1.18.6,"v4.10,v4.11,v4.12,v4.13,v4.14,v4.15,v4.16,v4.17,v4.18,v4.19",2025-07-13T16:16:31,True,False,
sdi-observer-operator,1,v0.0.3,"v4.12,v4.13,v4.14,v4.15,v4.16,v4.17,v4.18,v4.19,v4.20",2023-04-25T12:49:46,True,False,
sdwan-operator,0,,,2021-09-28T16:10:20,True,False,
seldon-deploy-operator,0,,,2021-09-28T16:10:20,True,False,
seldon-operator-certified,7,1.16.0-0,"v4.10,v4.11,v4.12,v4.13,v4.14,v4.15,v4.16,v4.17,v4.18,v4.19,v4.20,v4.8,v4.9",2023-06-08T11:00:11,True,False,
sematext,0,,,2021-09-28T16:10:20,True,False,
silicom-sts-operator,9,0.1.4,"v4.10,v4.11,v4.12,v4.13,v4.14,v4.15,v4.16,v4.17,v4.18,v4.19,v4.20,v4.8,v4.9",2023-02-14T10:35:19,True,False,
simple-demo-operator,1,0.0.6,"v4.10,v4.11,v4.8,v4.9",2022-07-06T13:54:08,True,False,
smilecdr-operator,1,0.0.1,"v4.10,v4.11,v4.12,v4.13,v4.14,v4.15,v4.16,v4.17,v4.18,v4.19,v4.20,v4.8,v4.9",2022-01-29T00:50:32,True,False,
sn-operator,12,0.10.0,"v4.10,v4.11,v4.12,v4.13,v4.14,v4.15,v4.16,v4.17,v4.6,v4.7,v4.8,v4.9",2025-04-19T14:37:55,True,False,
snyk-operator-marketplace,0,,,2021-09-28T16:10:20,True,False,
soap-rpc-operator,0,,,2021-09-28T16:10:20,True,False,
sosivio,14,2.1.0-158,"v4.10,v4.11,v4.12,v4.6,v4.7,v4.8,v4.9",2024-01-10T21:40:05,True,False,
splunk-certified,0,,,2021-09-28T16:10:20,True,False,
splunk-operator,13,2.8.0,"v4.10,v4.11,v4.12,v4.13,v4.14,v4.15,v4.16,v4.17,v4.6,v4.7,v4.8,v4.9",2025-06-03T08:32:40,True,False,
sriov-fec,18,v2.11.1,"v4.10,v4.11,v4.12,v4.13,v4.14,v4.15,v4.16,v4.17,v4.18,v4.19,v4.20,v4.8,v4.9",2025-05-06T18:43:39,True,False,
stackable-airflow-operator,8,25.3.0,"v4.10,v4.11,v4.12,v4.13,v4.14,v4.15,v4.16,v4.17,v4.9",2025-04-15T15:40:09,True,False,
stackable-commons-operator,9,25.3.0,"v4.10,v4.11,v4.12,v4.13,v4.14,v4.15,v4.16,v4.17,v4.18,v4.19,v4.20,v4.9",2025-04-15T11:37:28,True,False,
stackable-druid-operator,7,25.3.0,"v4.10,v4.11,v4.12,v4.13,v4.14,v4.15,v4.16,v4.17",2025-04-15T14:41:13,True,False,
stackable-hbase-operator,8,25.3.0,"v4.10,v4.11,v4.12,v4.13,v4.14,v4.15,v4.16,v4.17,v4.9",2025-04-15T14:28:49,True,False,
stackable-hdfs-operator,8,25.3.0,"v4.10,v4.11,v4.12,v4.13,v4.14,v4.15,v4.16,v4.17,v4.9",2025-04-15T13:32:15,True,False,
stackable-hive-operator,7,25.3.0,"v4.10,v4.11,v4.12,v4.13,v4.14,v4.15,v4.16,v4.17",2025-04-15T14:20:24,True,False,
stackable-kafka-operator,7,25.3.0,"v4.10,v4.11,v4.12,v4.13,v4.14,v4.15,v4.16,v4.17",2025-04-15T14:48:35,True,False,
stackable-listener-operator,9,25.3.0,"v4.10,v4.11,v4.12,v4.13,v4.14,v4.15,v4.16,v4.17",2025-04-15T12:27:16,True,False,
stackable-nifi-operator,7,25.3.0,"v4.10,v4.11,v4.12,v4.13,v4.14,v4.15,v4.16,v4.17",2025-04-15T15:00:27,True,False,
stackable-opa-operator,7,25.3.0,"v4.10,v4.11,v4.12,v4.13,v4.14,v4.15,v4.16,v4.17",2025-04-15T13:10:39,True,False,
stackable-secret-operator,9,25.3.0,"v4.10,v4.11,v4.12,v4.13,v4.14,v4.15,v4.16,v4.17,v4.9",2025-04-15T12:36:16,True,False,
stackable-spark-operator,7,25.3.0,"v4.10,v4.11,v4.12,v4.13,v4.14,v4.15,v4.16,v4.17",2025-04-15T15:24:44,True,False,
stackable-superset-operator,7,25.3.0,"v4.10,v4.11,v4.12,v4.13,v4.14,v4.15,v4.16,v4.17",2025-04-15T15:29:25,True,False,
stackable-trino-operator,7,25.3.0,"v4.10,v4.11,v4.12,v4.13,v4.14,v4.15,v4.16,v4.17",2025-04-15T15:49:13,True,False,
stackable-zookeeper-operator,9,25.3.0,"v4.10,v4.11,v4.12,v4.13,v4.14,v4.15,v4.16,v4.17,v4.18,v4.19,v4.20,v4.9",2025-04-15T12:58:43,True,False,
stackgres-certified,33,1.17.0-rc1,"v4.10,v4.11,v4.12,v4.13,v4.14,v4.15,v4.16,v4.17,v4.18,v4.19,v4.9",2025-07-15T21:52:33,True,False,
starburst-enterprise-helm-operator,0,,,2021-09-28T16:10:20,True,False,
stealserver-operator,1,1.0.0-alpha,"v4.10,v4.11",2022-12-07T23:23:12,True,False,
stonebranch-universalagent-operator-certified,0,,,2021-09-28T16:10:20,True,False,
storageos,0,,,2021-09-28T16:10:20,True,False,
storageos2,0,,,2021-09-28T16:10:20,True,False,
sumologic-kubernetes-collection-helm-operator,4,4.9.0-3,"v4.10,v4.11,v4.12,v4.13,v4.14,v4.15,v4.16,v4.17,v4.18,v4.8,v4.9",2025-05-16T23:48:11,True,False,
sybase-db-operator,0,,,2021-09-28T16:10:20,True,False,
synaxg-operator,2,v1.2.0,"v4.16,v4.17,v4.18,v4.19,v4.20",2025-07-07T08:39:32,True,False,
synopsys-certified,0,,,2021-09-28T16:10:20,True,False,
sysdig-certified,10,v1.15.37,"v4.10,v4.11,v4.12,v4.13,v4.14,v4.15,v4.16,v4.17,v4.18,v4.19,v4.20,v4.6,v4.7,v4.8,v4.9",2022-09-19T19:36:59,True,False,
sysdig-shield-operator,6,v0.2.0,"v4.10,v4.11,v4.12,v4.13,v4.14,v4.15,v4.16,v4.17,v4.8,v4.9",2025-01-13T22:56:03,True,False,
t8c-certified,115,,,2025-07-16T04:34:47,True,False,'<' not supported between instances of 'int' and 'str'
t8c-tsc-client-certified,34,1.4.1-candidate-20250714140149000,"v4.10,v4.11,v4.12,v4.13,v4.14,v4.15,v4.16,v4.17,v4.18,v4.19,v4.20,v4.9",2025-07-14T15:47:13,True,False,
tawon-operator,58,3.0.0-rc3,"v4.12,v4.13,v4.14,v4.15,v4.16,v4.17,v4.18,v4.19,v4.20",2025-06-05T20:36:28,True,False,
tc-hello-world,1,0.0.1,"v4.6,v4.7,v4.8,v4.9",2021-10-27T07:40:14,True,False,
tc-simple-demo-operator,6,0.0.8,"v4.6,v4.7,v4.8,v4.9",2021-11-04T17:07:07,True,False,
temenos-tafc-operator,0,,,2021-09-28T16:10:20,True,False,
tenant-operator,40,v1.3.0,"v4.10,v4.11,v4.12,v4.13,v4.14,v4.15,v4.16,v4.17,v4.18,v4.19,v4.20,v4.6,v4.7,v4.8,v4.9",2025-06-12T10:37:35,True,False,
tesseract-cube,1,1.2.1,"v4.12,v4.13,v4.14,v4.15,v4.16",2024-09-10T05:38:48,True,False,
tf-operator,0,,,2021-09-28T16:10:20,True,False,
tidb-operator-certified,0,,,2021-09-28T16:10:20,True,False,
tigera-operator,14,1.38.0,"v4.10,v4.11,v4.12,v4.13,v4.14,v4.15,v4.16,v4.17,v4.18,v4.19,v4.20,v4.6,v4.7,v4.8,v4.9",2025-05-15T01:06:55,True,False,
timemachine-operator,9,v1.0.17,"v4.10,v4.11,v4.12,v4.13,v4.14,v4.15,v4.16,v4.17,v4.18,v4.19,v4.20,v4.6,v4.7,v4.8,v4.9",2024-02-02T21:40:05,True,False,
traefik-enterprise-operator,0,,,2021-09-28T16:10:20,True,False,
trains-operator-certified,0,,,2021-09-28T16:10:20,True,False,
transadv-operator-certified,0,,,2021-09-28T16:10:20,True,False,
transadv-operator-patricktiu,0,,,2021-09-28T16:10:20,True,False,
transform-adv-operator,0,,,2021-09-28T16:10:20,True,False,
transformers-op,0,,,2021-09-28T16:10:20,True,False,
trident-operator,3,25.6.0,"v4.12,v4.13,v4.14,v4.15,v4.16,v4.17,v4.18",2025-07-02T22:52:55,True,True,
tririga-operator,0,,,2021-09-28T16:10:20,True,False,
tririgalatest-operator,0,,,2021-09-28T16:10:20,True,False,
tvo-operator,8,6.1.7,"v4.10,v4.11,v4.12,v4.13,v4.14,v4.15,v4.16,v4.17,v4.18,v4.19,v4.20",2025-07-09T08:55:34,True,False,
ubi-noop-go,0,,,2021-09-28T16:10:20,True,False,
ubix-operator,0,,,2021-09-28T16:10:20,True,False,
uma-admin-operator,51,2025.7.1,"v4.10,v4.11,v4.12,v4.13,v4.14,v4.15,v4.16,v4.17,v4.18,v4.8,v4.9",2025-07-07T09:30:30,True,False,
uma-operator,61,2025.7.1,"v4.10,v4.11,v4.12,v4.13,v4.14,v4.15,v4.16,v4.17,v4.18,v4.6,v4.7,v4.8,v4.9",2025-07-07T08:23:36,True,False,
uma-team-operator,51,2025.7.1,"v4.10,v4.11,v4.12,v4.13,v4.14,v4.15,v4.16,v4.17,v4.18,v4.8,v4.9",2025-07-07T11:16:28,True,False,
universal-crossplane,0,,,2021-09-28T16:10:20,True,False,
universalagent-operator-certified,0,,,2021-09-28T16:10:20,True,False,
vast-csi-operator,1,v2.5.0,"v4.14,v4.15",2024-12-17T21:56:06,True,False,
vault-secrets-operator,20,0.10.0,"v4.10,v4.11,v4.12,v4.13,v4.14,v4.15,v4.16,v4.17,v4.18,v4.19,v4.20",2025-03-05T17:57:51,True,False,
vcp-operator,14,v1.7.0,"v4.10,v4.11,v4.12,v4.13,v4.14,v4.15,v4.16,v4.17,v4.18,v4.19,v4.20,v4.6,v4.7,v4.8,v4.9",2025-04-16T23:37:42,True,False,
vfunction-server-operator,34,v4.2.1716,"v4.10,v4.11,v4.12,v4.13,v4.14,v4.15,v4.16,v4.17,v4.6,v4.7,v4.8,v4.9",2025-06-12T15:51:23,True,False,
vprotect-operator,0,,,2021-09-28T16:10:20,True,False,
vsphere-kubernetes-drivers-operator,6,0.2.0,"v4.6,v4.7,v4.8,v4.9",2022-02-18T08:55:45,True,False,
wavefront-operator,0,,,2021-09-28T16:10:20,True,False,
webotx-operator,1,11.11.0,"v4.10,v4.11,v4.12,v4.13,v4.14,v4.15,v4.16,v4.17,v4.18,v4.19,v4.20",2023-05-30T13:33:08,True,False,
xcrypt-operator,2,v1.0.1,"v4.6,v4.7,v4.8,v4.9",2022-03-18T03:55:28,True,False,
xspc-operator,11,1.15.0,"v4.10,v4.11,v4.12,v4.13,v4.14,v4.15,v4.16,v4.17,v4.6,v4.7,v4.8,v4.9",2025-02-25T07:05:30,True,False,
yugabyte-operator,0,,,2021-09-28T16:10:20,True,False,
zabbix-operator-certified,12,6.0.40,"v4.10,v4.11,v4.12,v4.13,v4.14,v4.15,v4.16,v4.17,v4.18,v4.19,v4.20,v4.9",2025-05-26T15:55:09,True,False,
zookeeper-operator,15,0.17.10,"v4.10,v4.11,v4.12,v4.13,v4.14,v4.15,v4.6,v4.7,v4.8,v4.9",2023-12-22T07:28:49,True,False,
zoperator,0,,,2021-09-28T16:10:20,True,False,
cpd-platform-operator,1,v6.1.3,"v4.12,v4.13,v4.14,v4.15,v4.16,v4.17,v4.18",2025-07-11T16:23:54,True,False,
ibm-common-service-operator,1,v4.12,"v4.12,v4.13,v4.14,v4.15,v4.16,v4.17,v4.18",2025-06-19T23:27:16,True,False,
ibm-cpd-ccs,1,v10.3.0,"v4.12,v4.13,v4.14,v4.15,v4.16,v4.17,v4.18",2025-07-08T15:56:12,True,False,
ibm-cpd-datastage-operator,1,v5.1.3,"v4.12,v4.13,v4.14,v4.15,v4.16,v4.17,v4.18",2025-07-04T00:09:52,True,False,
ibm-cpd-wspipelines,1,v5.1.3,"v4.12,v4.13,v4.14,v4.15,v4.16,v4.17,v4.18",2025-07-04T23:25:00,True,False,
ibm-elasticsearch-operator,1,v1.1.2667,"v4.12,v4.13,v4.14,v4.15,v4.16,v4.17,v4.18",2025-06-18T20:08:25,True,False,
ibm-iam-operator,1,v4.11,"v4.12,v4.13,v4.14,v4.15,v4.16,v4.17,v4.18",2025-06-18T21:29:00,True,False,
ibm-license-service-reporter-operator,1,v4.2.14,"v4.12,v4.13,v4.14,v4.15,v4.16,v4.17,v4.18",2025-06-21T00:35:33,True,False,
ibm-license-service-scanner-operator,1,v4.2.13,"v4.12,v4.13,v4.14,v4.15,v4.16,v4.17,v4.18",2025-06-20T00:07:22,True,False,
ibm-licensing-operator-app,1,v4.2.14,"v4.12,v4.13,v4.14,v4.15,v4.16,v4.17,v4.18",2025-06-20T23:53:11,True,False,
ibm-namespace-scope-operator,1,v4.2.14,"v4.12,v4.13,v4.14,v4.15,v4.16,v4.17,v4.18",2025-06-20T20:39:22,True,False,
ibm-odlm,1,v4.5.0,"v4.12,v4.13,v4.14,v4.15,v4.16,v4.17,v4.18",2025-07-03T10:10:38,True,False,
kedify-agent-helm-operator,3,v0.2.12,"v4.15,v4.16,v4.17,v4.18,v4.19",2025-07-01T15:22:15,True,True,
openshift-fusion-access-operator,1,0.9.3,"v4.19,v4.20",2025-07-10T14:14:31,True,False,
template-operator,1,v0.0.1,"v4.10,v4.11,v4.12,v4.13,v4.14,v4.15,v4.16,v4.17,v4.18,v4.19,v4.20,v4.8,v4.9",2025-07-04T04:44:24,True,False,
